site,name,lat,lon,agency,type
000100060,Trail Aquatic Centre,49.09560,-117.69720,British Columbia Ministry of Environment,Permanent
000100103,New Westminster,49.22704,-122.89449,Metro Vancouver,Permanent
000100110,Kensington Park,49.27940,-122.97110,Metro Vancouver,Permanent
000100111,Rocky Point Park,49.28083,-122.84917,Metro Vancouver,Permanent
000100112,Downtown Vancouver,49.28200,-123.12200,Metro Vancouver,Permanent
000100118,Kitsilano,49.26167,-123.16333,Metro Vancouver,Permanent
000100119,Burnaby South,49.21528,-122.98556,Metro Vancouver,Permanent
000100121,Second Narrows,49.30000,-123.02000,Metro Vancouver,Permanent
000100125,North Delta,49.15833,-122.90167,Metro Vancouver,Permanent
000100126,Burnaby Mountain,49.27980,-122.92230,Metro Vancouver,Permanent
000100127,Surrey East,49.13278,-122.69417,Metro Vancouver,Permanent
000100128,Richmond South,49.14139,-123.10833,Metro Vancouver,Permanent
000100134,Vancouver Airport,49.18639,-123.15222,Metro Vancouver,Permanent
000100135,Coquitlam,49.28806,-122.79139,Metro Vancouver,Permanent
000100136,Capitol Hill,49.28800,-122.98600,Metro Vancouver,Permanent
000100137,Burnaby North,49.28700,-123.00800,Metro Vancouver,Permanent
000100140,Tsawwassen,49.00987,-123.08202,Metro Vancouver,Permanent
000100141,Vancouver-Clark Drive,49.26029,-123.07781,Metro Vancouver,Permanent
000100143,Agassiz,49.23801,-121.76226,Metro Vancouver,Permanent
000100144,Vancouver-Pandora Park,49.28229,-123.05761,Metro Vancouver,Permanent
000100145,Agassiz - Centennial Park,49.23836,-121.77478,Metro Vancouver,Permanent
000100304,Victoria Topaz,48.44194,-123.36316,British Columbia Ministry of Environment,Permanent
000100308,Colwood City Hall,48.42389,-123.49278,British Columbia Ministry of Environment,Permanent
000100314,Saanich Stellys Cross Road,48.58030,-123.44280,British Columbia Ministry of Environment,Permanent
000100316,Langford Lakewood Elementary School,48.46390,-123.50720,British Columbia Ministry of Environment,Permanent
000101003,Abbotsford,49.04278,-122.30972,Metro Vancouver,Permanent
000101004,Abbotsford Airport,49.03250,-122.35306,Metro Vancouver,Permanent
000101005,Abbotsford Airport,49.02151,-122.32656,Metro Vancouver,Permanent
000101101,Chilliwack,49.15611,-121.94056,Metro Vancouver,Permanent
000101202,Pitt Meadows,49.24528,-122.70889,Metro Vancouver,Permanent
000101301,Langley,49.09556,-122.56694,Metro Vancouver,Permanent
000101501,Maple Ridge,49.21500,-122.58194,Metro Vancouver,Permanent
000101801,Creston PC School,49.09440,-116.51250,British Columbia Ministry of Environment,Permanent
000101803,Creston Piper Farms,49.01190,-116.53330,British Columbia Ministry of Environment,Permanent
000102001,Saturna,48.77556,-123.12861,Canadian Air and Precipitation Monitoring Network,Permanent
000102102,Nanaimo Labieux Road,49.20083,-123.99389,British Columbia Ministry of Environment,Permanent
000102103,Harmac Cedar Woodbank,49.11416,-123.85017,British Columbia Ministry of Environment,Permanent
000102201,Trail Butler Park,49.09622,-117.69783,British Columbia Ministry of Environment,Permanent
000102210,Trail Columbia Gardens Airport,49.04641,-117.60711,British Columbia Ministry of Environment,Permanent
000102220,Warfield Elementary,49.09520,-117.74690,British Columbia Ministry of Environment,Permanent
000102230,Birchbank Golf Course,49.15785,-117.73312,British Columbia Ministry of Environment,Permanent
000102601,Port Alberni Townsite,49.23440,-124.81470,British Columbia Ministry of Environment,Permanent
000102602,Port Alberni Elementary,49.26101,-124.80663,British Columbia Ministry of Environment,Permanent
000103502,Castlegar Zinio Park,49.31770,-117.66153,British Columbia Ministry of Environment,Permanent
000103601,Agassiz,49.23801,-121.76226,Metro Vancouver,Permanent
000103602,Mission,49.14149,-122.31108,Metro Vancouver,Permanent
000104101,Grand Forks City Hall,49.03117,-118.43909,British Columbia Ministry of Environment,Permanent
000104801,Duncan Deykin Avenue,48.80255,-123.64640,British Columbia Ministry of Environment,Permanent
000104803,Duncan Cairnsmore,48.78500,-123.71580,British Columbia Ministry of Environment,Permanent
000104804,Duncan College Street,48.78611,-123.71731,British Columbia Ministry of Environment,Permanent
000106700,Crofton Escarpment Way,48.83800,-123.65520,British Columbia Ministry of Environment,Permanent
000106701,Crofton Substation,48.87453,-123.65393,British Columbia Ministry of Environment,Permanent
000106702,1821 ESCARPMENT WAY,48.83806,-123.65528,British Columbia Ministry of Environment,Permanent
160090010,St. Maries,47.31670,-116.57030,Idaho Department of Environmental Quality,Permanent
160090011,Plummer CDA Tribe,47.33860,-116.88590,Coeur d'Alene Tribe,Permanent
160170005,Sandpoint USFS,48.27220,-116.61940,Idaho Department of Environmental Quality,Permanent
160170006,Sandpoint,48.27200,-116.56900,Idaho Department of Environmental Quality,Permanent
160210002,Boundary County,48.70555,-116.36897,Idaho Department of Environmental Quality,Permanent
160211007,Porthill,48.99591,-116.50995,Idaho Department of Environmental Quality,Permanent
160211008,Mt Hall,48.89401,-116.35942,Idaho Department of Environmental Quality,Permanent
160491011,Cottonwood,46.06132,-116.34670,Idaho Department of Environmental Quality,Permanent
160491012,Cottonwood E-sampler,46.06132,-116.34670,Idaho Department of Environmental Quality,Permanent
160550003,Lancaster,47.78890,-116.80440,Idaho Department of Environmental Quality,Permanent
160550004,LMP Met,47.55525,-116.81733,Idaho Department of Environmental Quality,Permanent
160550006,Coeur d' Alene PM2.5,47.68220,-116.76530,Idaho Department of Environmental Quality,Permanent
160550015,Nursery Rd.,47.71538,-116.82725,Idaho Department of Environmental Quality,Permanent
160551005,Garwood Neph,47.83092,-116.80737,Idaho Department of Environmental Quality,Permanent
160551010,Athol Neph,47.94902,-116.71090,Idaho Department of Environmental Quality,Permanent
160570005,Moscow,46.72820,-116.95460,Idaho Department of Environmental Quality,Permanent
160571000,Potlatch,46.92100,-116.89625,Idaho Department of Environmental Quality,Permanent
160571001,Kendrick Neph,46.61298,-116.65925,Idaho Department of Environmental Quality,Permanent
160571012,Juliaetta,46.57873,-116.70896,Idaho Department of Environmental Quality,Permanent
160571013,Troy,46.74767,-116.76939,Idaho Department of Environmental Quality,Permanent
160690012,Lewiston,46.40850,-116.99140,Idaho Department of Environmental Quality,Permanent
160690013,Lapwai-ID,46.39720,-116.80620,Quality Review and Exchange System for Tribes (QREST),Permanent
160690014,Reubens-ID,46.33490,-116.53580,Quality Review and Exchange System for Tribes (QREST),Permanent
410050004,Portland - Spangler Road,45.25928,-122.58815,Oregon Dept. of Environmental Quality,Permanent
410050011,Estacada Clackamas River Elementary School,45.29141,-122.33263,Oregon Dept. of Environmental Quality,Permanent
410050102,Multorpor,45.28845,-121.78278,Oregon Dept. of Environmental Quality,Permanent
410052003,Gladstone High School,45.38543,-122.59656,Oregon Dept. of Environmental Quality,Permanent
410090004,Portland - Sauvie Island,45.76853,-122.77210,Oregon Dept. of Environmental Quality,Permanent
410270001,Hood River West Side FD,45.68514,-121.52748,Oregon Dept. of Environmental Quality,Permanent
410271001,Hood River,45.70350,-121.52960,Oregon Dept. of Environmental Quality,Permanent
410510003,Roosevelt High School,45.59010,-122.73762,Oregon Dept. of Environmental Quality,Permanent
410510031,Gresham Centennial HS,45.49620,-122.48340,Oregon Dept. of Environmental Quality,Permanent
410510032,Portland Lane Middle School,45.47142,-122.60147,Oregon Dept. of Environmental Quality,Permanent
410510033,Portland Benson High School,45.52772,-122.65115,Oregon Dept. of Environmental Quality,Permanent
410510034,Portland Lincoln High School,45.51814,-122.68840,Oregon Dept. of Environmental Quality,Permanent
410510035,Portland SE 12th and Salmon,45.51421,-122.65329,Oregon Dept. of Environmental Quality,Permanent
410510039,Portland McDaniel High School,45.54180,-122.57950,Oregon Dept. of Environmental Quality,Permanent
410510080,Portland - SE Lafayette,45.49664,-122.60288,Oregon Dept. of Environmental Quality,Permanent
410510088,Portland N Commercial & Russell Sts,45.54044,-122.67090,Oregon Dept. of Environmental Quality,Permanent
410512008,Gresham,45.51198,-122.48203,Oregon Dept. of Environmental Quality,Permanent
410512010,Portland Humboldt School,45.55808,-122.67099,Oregon Dept. of Environmental Quality,Permanent
410512011,Portland Cully Helensview School,45.56220,-122.57562,Oregon Dept. of Environmental Quality,Permanent
410570001,Tillamook Forestry Dept,45.45735,-123.80281,Oregon Dept. of Environmental Quality,Permanent
410570002,Tillamook Jr High School,45.45472,-123.82000,Oregon Dept. of Environmental Quality,Permanent
410590121,Pendleton - McKay Creek,45.65223,-118.82303,Oregon Dept. of Environmental Quality,Permanent
410591003,Hermiston - Municipal Airport,45.82897,-119.26299,Oregon Dept. of Environmental Quality,Permanent
410597002,Umatilla - EESP Mission Field Station,45.66408,-118.68909,Quality Review and Exchange System for Tribes (QREST),Permanent
410610119,La Grande - N. Ash Street,45.33900,-118.09521,Oregon Dept. of Environmental Quality,Permanent
410610120,Cove - City Hall,45.30088,-117.81290,Oregon Dept. of Environmental Quality,Permanent
410610121,Mt Fanny,45.30956,-117.73358,Oregon Dept. of Environmental Quality,Permanent
410610123,La Grande Hall & N Sts,45.32350,-118.07780,Oregon Dept. of Environmental Quality,Permanent
410630001,Enterprise - US Forest Service,45.42635,-117.29607,Oregon Dept. of Environmental Quality,Permanent
410650007,The Dalles - Cherry Heights,45.60242,-121.20339,Oregon Dept. of Environmental Quality,Permanent
410650008,The Dalles Wasco Library,45.59838,-121.18423,Oregon Dept. of Environmental Quality,Permanent
410670004,Hillsboro - Hare Field,45.52850,-122.97240,Oregon Dept. of Environmental Quality,Permanent
410670005,Portland Near Road,45.39916,-122.74550,Oregon Dept. of Environmental Quality,Permanent
410670006,Forest Grove Pacific University,45.52483,-123.10554,Oregon Dept. of Environmental Quality,Permanent
410670111,Beaverton - Highland Park School,45.47020,-122.81590,Oregon Dept. of Environmental Quality,Permanent
410671004,Sherwood - Lasich Ln,45.40245,-122.85444,Oregon Dept. of Environmental Quality,Permanent
410711001,na,45.20940,-123.21180,Oregon Dept. of Environmental Quality,Permanent
410711002,McMinnville Newby School,45.20940,-123.21180,Oregon Dept. of Environmental Quality,Permanent
410711003,McMinnville High School,45.21956,-123.19298,Oregon Dept. of Environmental Quality,Permanent
530010003,Ritzville-W Alder Ave,47.12808,-118.38187,Washington Department of Ecology,Permanent
530030004,Clarkston-13th St,46.42560,-117.05980,Washington Department of Ecology,Permanent
530050002,Kennewick-Metaline,46.21830,-119.20150,Washington Department of Ecology,Permanent
530050003,Kennewick-S Steptoe St (SOS),46.20458,-119.24374,Washington Department of Ecology,Permanent
530050004,Prosser-Highland Dr,46.20890,-119.75267,Washington Department of Ecology,Permanent
530059999,Finley-S Finley Road,46.15582,-119.03497,Washington Department of Ecology,Permanent
530070007,Chelan-Woodin Ave,47.83861,-120.02306,Washington Department of Ecology,Permanent
530070010,Leavenworth-Evans St,47.59880,-120.66470,Washington Department of Ecology,Permanent
530070011,Wenatchee-Fifth St,47.43061,-120.34195,Washington Department of Ecology,Permanent
530079989,E Wenatchee 8th St NE,47.41887,-120.27327,Washington Department of Ecology,Permanent
530079990,Cashmere,47.52003,-120.47378,Washington Department of Ecology,Permanent
530079992,Entiat,47.67565,-120.20941,Washington Department of Ecology,Permanent
530090009,Port Angeles-W 14th St,48.11690,-123.46450,Washington Department of Ecology,Permanent
530090013,Cheeka Peak,48.28670,-124.62030,Washington Department of Ecology,Permanent
530090014,Neah Bay-Makah Tribe,48.37180,-124.59520,Washington Department of Ecology,Permanent
530090015,Neah Bay 2-Makah Tribe,48.36606,-124.61005,Washington Department of Ecology,Permanent
530090016,Olympic NP - Deer Park,47.94920,-123.26530,National Park Service,Permanent
530090017,Port Angeles-E 5th St,48.11500,-123.43643,Washington Department of Ecology,Permanent
530090019,Bahokas Peak,48.37103,-124.67371,Washington Department of Ecology,Permanent
530099999,Forks-Tillicum Ln,47.95710,-124.38400,Washington Department of Ecology,Permanent
530110011,Vancouver-Blairmont Dr (SO),45.61660,-122.51660,Washington Department of Ecology,Permanent
530110013,Vancouver-4th Pl Blvd E,45.64830,-122.58690,Washington Department of Ecology,Permanent
530110019,Vancouver-MacArthur Blvd,45.62480,-122.61140,Washington Department of Ecology,Permanent
530110022,Yacolt-Yacolt Rd,45.86789,-122.41193,Washington Department of Ecology,Permanent
530110023,Vancouver-NE Vancouver Plaza Dr,45.64987,-122.59010,Washington Department of Ecology,Permanent
530110024,Vancouver-NE 84th Ave,45.64336,-122.58737,Washington Department of Ecology,Permanent
530119995,Vancouver-Main St,45.64081,-122.67092,Washington Department of Ecology,Permanent
530119996,Vancouver-Fruit Valley,45.64598,-122.69345,Washington Department of Ecology,Permanent
530119997,Vancouver-4th Plain and General Anderson,45.63922,-122.62087,Washington Department of Ecology,Permanent
530119998,Vancouver-W 6th St,45.62525,-122.67550,Washington Department of Ecology,Permanent
530119999,Vancouver-Fort Vancouver Way,45.63752,-122.65207,Washington Department of Ecology,Permanent
530130002,Dayton-W Main,46.31800,-117.98500,Washington Department of Ecology,Permanent
530139991,Umatilla,46.20260,-117.95390,EPA Office of Atmospheric Protection,Permanent
530150015,Longview-30th Ave,46.13940,-122.96190,Washington Department of Ecology,Permanent
530159998,Kelso-S 5th Ave,46.13449,-122.91245,Washington Department of Ecology,Permanent
530159999,Kelso-Old Pacific Hwy S,46.07015,-122.86625,Washington Department of Ecology,Permanent
530179999,Wenatchee Methow St,47.40757,-120.30943,Washington Department of Ecology,Permanent
530199990,Republic,48.64932,-118.73854,Washington Department of Ecology,Permanent
530210002,Mesa-Pepoit Way (temp SO),46.57540,-119.00210,Washington Department of Ecology,Permanent
530230001,Pomeroy-Pataha St,46.47444,-117.61476,Washington Department of Ecology,Permanent
530250003,Soap Lake,47.38556,-119.48986,Washington Department of Ecology,Permanent
530251002,Moses Lake-Balsam St,47.13030,-119.27370,Washington Department of Ecology,Permanent
530251003,Quincy 3rd,47.24126,-119.84595,Washington Department of Ecology,Permanent
530259990,George,47.07613,-119.85668,Washington Department of Ecology,Permanent
530259991,Royal City,46.91313,-119.62687,Washington Department of Ecology,Permanent
530259999,Mattawa Wahluke High School,46.74341,-119.89376,Washington Department of Ecology,Permanent
530270002,N/A,46.97228,-123.83173,Washington Department of Ecology,Permanent
530270008,Oakville-Chehalis Tribe,46.81780,-123.19340,Washington Department of Ecology,Permanent
530270011,Taholah-Quinault Tribe,47.34420,-124.28790,Washington Department of Ecology,Permanent
530272002,Aberdeen-Division St,46.97720,-123.83170,Washington Department of Ecology,Permanent
530279997,Montesano,46.97975,-123.59777,Washington Department of Ecology,Permanent
530279998,N/A,46.97228,-123.83173,Washington Department of Ecology,Permanent
530290003,Oak Harbor-Goldie Rd,48.31393,-122.64619,Washington Department of Ecology,Permanent
530299999,Oak Harbor-SW 6th (US),48.29440,-122.66000,Washington Department of Ecology,Permanent
530310003,Port Townsend-San Juan,48.12910,-122.77890,Washington Department of Ecology,Permanent
530330010,Issaquah-Lake Sammamish (SOS),47.55250,-122.06470,Washington Department of Ecology,Permanent
530330017,North Bend-North Bend Way (SO),47.49020,-121.77270,Washington Department of Ecology,Permanent
530330019,Bellevue-148th Ave,47.63250,-122.14270,Washington Department of Ecology,Permanent
530330023,Enumclaw Mud Mt (SO),47.14110,-121.93790,Washington Department of Ecology,Permanent
530330024,Lake Forest Park-Town Center,47.75363,-122.27719,Washington Department of Ecology,Permanent
530330028,Woodinville-133rd Ave,47.75440,-122.16200,Washington Department of Ecology,Permanent
530330030,Seattle-10th & Weller,47.59722,-122.31972,Washington Department of Ecology,Permanent
530330031,Bellevue-SE 12th,47.60086,-122.14840,Washington Department of Ecology,Permanent
530330037,Bellevue-Bellevue Way,47.61300,-122.20170,Washington Department of Ecology,Permanent
530330039,Seattle-Queen Anne Hill (US),47.63310,-122.36280,Washington Department of Ecology,Permanent
530330040,SeaTac-Sunset Park,47.47850,-122.31110,Washington Department of Ecology,Permanent
530330047,Auburn 29th St,47.28140,-122.22330,Washington Department of Ecology,Permanent
530330048,Seattle-Olive St,47.61530,-122.33000,Washington Department of Ecology,Permanent
530330057,Seattle-Duwamish,47.55998,-122.33827,Washington Department of Ecology,Permanent
530330069,Tukwila_Allentown,47.49853,-122.27839,Washington Department of Ecology,Permanent
530330080,Seattle-Beacon Hill,47.56824,-122.30863,Washington Department of Ecology,Permanent
530330089,Auburn M St SE,47.28750,-122.21440,Washington Department of Ecology,Permanent
530330095,Kent-S 236th,47.39082,-122.25585,Washington Department of Ecology,Permanent
530331011,Seattle-South Park,47.52970,-122.32030,Washington Department of Ecology,Permanent
530332004,Kent-James & Central,47.38610,-122.23020,Washington Department of Ecology,Permanent
530339978,N/A,47.27741,-122.31556,Washington Department of Ecology,Permanent
530339979,N/A,47.52633,-122.31468,Washington Department of Ecology,Permanent
530339980,Seattle-13th Ave S,47.54250,-122.31610,Washington Department of Ecology,Permanent
530339981,Seattle-5th Ave S,47.54503,-122.32816,Washington Department of Ecology,Permanent
530339982,Federal Way-S 300th St,47.33215,-122.30208,Washington Department of Ecology,Permanent
530339983,Des Moines-S 240th St,47.38861,-122.30000,Washington Department of Ecology,Permanent
530339984,Seattle - Myrtle St,47.53944,-122.29527,Washington Department of Ecology,Permanent
530339985,Seattle - Linden Ave N,47.72388,-122.34889,Washington Department of Ecology,Permanent
530339987,Seattle-16th Ave S,47.58049,-122.31180,Washington Department of Ecology,Permanent
530339988,Seattle - NE 127th St,47.72124,-122.29740,Washington Department of Ecology,Permanent
530339989,Seattle-College Way N,47.70049,-122.33493,Washington Department of Ecology,Permanent
530339990,Auburn M St SE,47.28750,-122.21440,Washington Department of Ecology,Permanent
530339993,Seattle-23rd Ave SW,47.57083,-122.36166,Washington Department of Ecology,Permanent
530339999,N/A,47.28750,-122.21440,Washington Department of Ecology,Permanent
530350007,Bremerton-Spruce Ave,47.59267,-122.62740,Washington Department of Ecology,Permanent
530351005,Meadowdale-Blackbird Dr,47.63080,-122.64110,Washington Department of Ecology,Permanent
530370002,Ellensburg-Ruby St,46.99360,-120.54500,Washington Department of Ecology,Permanent
530370180,Cle Elum,47.19704,-120.95683,Washington Department of Ecology,Permanent
530379997,Ellensburg-N Cora St,47.00526,-120.55865,Washington Department of Ecology,Permanent
530379998,Ellensburg-Mountain View Ave,46.98487,-120.54404,Washington Department of Ecology,Permanent
530379999,Ellensburg-Discovery Hall,47.00219,-120.54040,Washington Department of Ecology,Permanent
530390005,Mobile-Goldendale2,45.81561,-120.83786,Washington Department of Ecology,Permanent
530390006,Mobile-White Salmon,45.73593,-121.48840,Washington Department of Ecology,Permanent
530399990,White Salmon-N Main Ave,45.73058,-121.48718,Washington Department of Ecology,Permanent
530399991,Goldendale-W Court St,45.82166,-120.82295,Washington Department of Ecology,Permanent
530410004,Chehalis-Market Blvd,46.66409,-122.96732,Washington Department of Ecology,Permanent
530419999,Mossyrock,46.52875,-122.48265,Washington Department of Ecology,Permanent
530439990,Davenport,47.65601,-118.14775,Washington Department of Ecology,Permanent
530450004,Shelton-Mt View Dr,47.22550,-123.11420,Washington Department of Ecology,Permanent
530450007,Shelton-W Franklin,47.21355,-123.10081,Washington Department of Ecology,Permanent
530459999,Belfair,47.46098,-122.82685,Washington Department of Ecology,Permanent
530470009,Twisp-S Lincoln St,48.36472,-120.12007,Washington Department of Ecology,Permanent
530470010,Winthrop-Chewuch Rd,48.47720,-120.19060,Washington Department of Ecology,Permanent
530470013,Omak-Colville Tribe,48.39999,-119.51896,Washington Department of Ecology,Permanent
530470016,Twisp-Ewell St,48.35412,-120.10512,Washington Department of Ecology,Permanent
530479990,Brewster,48.09865,-119.77963,Washington Department of Ecology,Permanent
530479993,Tonasket,48.70159,-119.43466,Washington Department of Ecology,Permanent
530490002,Raymond Commercial St.,46.68550,-123.72720,Washington Department of Ecology,Permanent
530490003,Raymond-4th St,46.68822,-123.73176,Washington Department of Ecology,Permanent
530499990,Ilwaco,46.31051,-124.03872,Washington Department of Ecology,Permanent
530499991,South Bend - First St,46.66186,-123.79160,Washington Department of Ecology,Permanent
530499998,Raymond-4th St,46.68822,-123.73176,Washington Department of Ecology,Permanent
530499999,N/A,46.66186,-123.79160,Washington Department of Ecology,Permanent
530510007,Usk-Kalispel Tribe,48.34560,-117.27750,Washington Department of Ecology,Permanent
530510008,Newport-Calispel,48.18124,-117.05275,Washington Department of Ecology,Permanent
530530012,Mt Rainier- Jackson  Visitor Ctr,46.78410,-121.74030,Washington Department of Ecology,Permanent
530530022,Puyallup-Puyallup Tribe,47.20440,-122.34330,Washington Department of Ecology,Permanent
530530024,Tacoma-S 36th St,47.22634,-122.46256,Washington Department of Ecology,Permanent
530530029,Tacoma-L St,47.18640,-122.45170,Washington Department of Ecology,Permanent
530530030,Tacoma-S 36th St,47.22634,-122.46256,Washington Department of Ecology,Permanent
530530031,Tacoma-Alexander Ave,47.26560,-122.38580,Washington Department of Ecology,Permanent
530530035,Tacoma-S 35th and Windom St,47.22805,-122.47929,Washington Department of Ecology,Permanent
530531008,La Grande-Pack Forest (SOS),46.84470,-122.31170,Washington Department of Ecology,Permanent
530531010,Mount Rainier NP,46.75830,-122.12220,National Park Service,Permanent
530531016,Tacoma-Tower Dr,47.41200,-122.30440,Washington Department of Ecology,Permanent
530531018,Puyallup-128th St,47.14050,-122.29920,Washington Department of Ecology,Permanent
530539997,N/A,47.20642,-122.48166,Washington Department of Ecology,Permanent
530539998,Tacoma-S Adams St,47.23075,-122.48509,Washington Department of Ecology,Permanent
530539999,Puyallup-Pioneer Way E,47.18843,-122.27652,Washington Department of Ecology,Permanent
530550001,Friday Harbor-2nd St N,48.53541,-123.02020,Washington Department of Ecology,Permanent
530570011,Anacortes-202 Ave (SO-AQS),48.52008,-122.61321,Washington Department of Ecology,Permanent
530570015,Mt Vernon-S 2nd St,48.41020,-122.33760,Washington Department of Ecology,Permanent
530579990,Padilla Bay,48.49545,-122.48088,Washington Department of Ecology,Permanent
530579999,Anacortes-Bartholomew Rd (US),48.46535,-122.56040,Washington Department of Ecology,Permanent
530599990,Stevenson,45.69142,-121.89294,Washington Department of Ecology,Permanent
530610005,Lynnwood-212th,47.80640,-122.31670,Washington Department of Ecology,Permanent
530610011,Tulalip-Reuben Shelton,48.06900,-122.27500,Washington Department of Ecology,Permanent
530610020,Darrington-Fir St,48.24680,-121.60310,Washington Department of Ecology,Permanent
530610021,Tulalip-36th Ave NW,48.06694,-122.28086,Washington Department of Ecology,Permanent
530610022,Everett-Beverly Park Rd,47.89371,-122.26982,Washington Department of Ecology,Permanent
530611007,Marysville-7th Ave,48.05432,-122.17153,Washington Department of Ecology,Permanent
530619998,Everett-12th St,48.00096,-122.19710,Washington Department of Ecology,Permanent
530619999,Everett-Rucker Ave,47.96916,-122.21055,Washington Department of Ecology,Permanent
530630001,Cheney-Turnbull (SO),47.41640,-117.52980,Washington Department of Ecology,Permanent
530630016,Spokane-Ferry St,47.33070,-117.35810,Washington Department of Ecology,Permanent
530630017,Spokane Valley-E Broadway Ave,47.66396,-117.25765,Washington Department of Ecology,Permanent
530630021,Spokane-Augusta Ave,47.67250,-117.36490,Washington Department of Ecology,Permanent
530630046,Spokane-Greenbluff Rd (SOS),47.82720,-117.27420,Washington Department of Ecology,Permanent
530630047,Spokane-N Monroe St,47.69983,-117.42631,Washington Department of Ecology,Permanent
530630049,Spokane-3rd St S,47.65380,-117.41840,Washington Department of Ecology,Permanent
530630052,Spokane-College St,47.66300,-117.42830,Washington Department of Ecology,Permanent
530630054,Spokane-E Sprague Ave,47.65709,-117.36780,Washington Department of Ecology,Permanent
530630055,Liberty Lake-E Country Vista Dr,47.66145,-117.13367,Washington Department of Ecology,Permanent
530639985,Spokane-E Thurston Ave,47.61759,-117.38058,Washington Department of Ecology,Permanent
530639986,Spokane-N Howard St,47.67375,-117.42023,Washington Department of Ecology,Permanent
530639987,Spokane-E Garland Ave,47.69431,-117.37217,Washington Department of Ecology,Permanent
530639988,Spokane-N Perry St,47.68323,-117.39115,Washington Department of Ecology,Permanent
530639989,Spokane-E Joseph Ave,47.71046,-117.39897,Washington Department of Ecology,Permanent
530639990,Spokane-E Stonewall Ave,47.73428,-117.40114,Washington Department of Ecology,Permanent
530639991,Spokane-S Pittsburg St,47.65226,-117.38467,Washington Department of Ecology,Permanent
530639992,Spokane Valley-E Buckeye Ave,47.68417,-117.29259,Washington Department of Ecology,Permanent
530639993,Spokane-E Wellesley Ave,47.70250,-117.19389,Washington Department of Ecology,Permanent
530639994,Spokane-N Pines Rd,47.68729,-117.24149,Washington Department of Ecology,Permanent
530639995,Colbert-Greenbluff,47.80823,-117.34327,Spokane Regional Clean Air Agency,Permanent
530639996,Liberty Lake-E Valeyway (US),47.66057,-117.08450,Washington Department of Ecology,Permanent
530639997,Spokane-E Broadway Ave (US),47.66396,-117.25765,Washington Department of Ecology,Permanent
530639999,Airway Heights-West 12th (US),47.64535,-117.58903,Washington Department of Ecology,Permanent
530650002,Wellpinit-Spokane Tribe,47.88520,-117.98860,Washington Department of Ecology,Permanent
530650004,Colville-Oak St S,48.54470,-117.90360,Washington Department of Ecology,Permanent
530650005,Colville-E 1st St,48.54469,-117.90322,Washington Department of Ecology,Permanent
530670005,Yelm-Northern Pacific (SOS),46.95250,-122.59520,Washington Department of Ecology,Permanent
530670013,Lacey-College St,47.02930,-122.82150,Washington Department of Ecology,Permanent
530679998,Yelm-Bald Hill Rd SE,46.92975,-122.58391,Washington Department of Ecology,Permanent
530679999,Nisqually-Steilacoom R SE (US),47.05020,-122.72580,Washington Department of Ecology,Permanent
530699990,Cathlamet,46.19911,-123.37602,Washington Department of Ecology,Permanent
530710005,Walla Walla-12th St,46.05880,-118.35140,Washington Department of Ecology,Permanent
530710006,Burbank-Maple Street,46.20011,-119.00862,Washington Department of Ecology,Permanent
530730005,Custer-Loomis (SO-AQS),48.95070,-122.55440,Washington Department of Ecology,Permanent
530730015,Bellingham-Yew St,48.76270,-122.44020,Washington Department of Ecology,Permanent
530730019,Bellingham Pacific,48.76004,-122.45646,Washington Department of Ecology,Permanent
530739992,Maple Falls-Azure Way,48.94770,-122.14710,Washington Department of Ecology,Permanent
530739999,N/A,48.94770,-122.14710,Washington Department of Ecology,Permanent
530750003,Pullman-SE Dexter St,46.72458,-117.18038,Washington Department of Ecology,Permanent
530750005,Lacrosse-Hill St,46.81530,-117.87390,Washington Department of Ecology,Permanent
530750006,Rosalia-S Josephine Ave,47.23118,-117.36913,Washington Department of Ecology,Permanent
530770005,Sunnyside-S 16th,46.32033,-119.99810,Washington Department of Ecology,Permanent
530770009,Yakima-4th Ave,46.59495,-120.51228,Washington Department of Ecology,Permanent
530770015,Toppenish-Yakama Tribe,46.38020,-120.33260,Washington Department of Ecology,Permanent
530770016,White Swan-Yakama Tribe,46.37543,-120.72932,Washington Department of Ecology,Permanent
530770017,Harrah-Yakama Tribe,46.40857,-120.54398,Washington Department of Ecology,Permanent
530770018,Mabton-B St,46.21196,-119.99445,Washington Department of Ecology,Permanent
530770019,Granger-E Mentzer Ave,46.34813,-120.19381,Washington Department of Ecology,Permanent
530779993,Grandview-W Main St,46.25518,-119.90723,Washington Department of Ecology,Permanent
530779994,Yakima-S 9th St,46.59846,-120.49134,Washington Department of Ecology,Permanent
530779995,Yakima-W Viola Ave,46.58131,-120.51115,Washington Department of Ecology,Permanent
530779996,Yakima-River Rd,46.61722,-120.52316,Washington Department of Ecology,Permanent
530779997,Union Gap-4th St,46.55597,-120.48014,Washington Department of Ecology,Permanent
530779998,Moxee-E Seattle Ave,46.55108,-120.38185,Washington Department of Ecology,Permanent
531010002,Nespelem,48.16531,-118.98418,Confederated Tribes of Colville Reservation,Permanent
531010003,Inchelium,48.29696,-118.20243,Confederated Tribes of Colville Reservation,Permanent
CC0100304,N/A,48.44190,-123.36300,British Columbia Ministry of Environment,Permanent
CC0100308,N/A,48.42390,-123.49280,British Columbia Ministry of Environment,Permanent
CC0101801,N/A,49.09440,-116.51250,British Columbia Ministry of Environment,Permanent
CC0102102,N/A,49.20080,-123.99390,British Columbia Ministry of Environment,Permanent
CC0102602,N/A,49.26080,-124.80560,British Columbia Ministry of Environment,Permanent
CC0103502,N/A,49.31750,-117.66170,British Columbia Ministry of Environment,Permanent
CC0104101,N/A,49.03110,-118.43910,British Columbia Ministry of Environment,Permanent
CC0104803,N/A,48.78500,-123.71583,British Columbia Ministry of Environment,Permanent
MM0030004,N/A,46.42542,-117.06045,Washington Department of Ecology,Temporary
MM0070180,Leavenworth_Mobile,47.55857,-120.67267,Washington Department of Ecology,Temporary
MM0070181,Peshastin Mobile,47.56677,-120.60098,Washington Department of Ecology,Permanent
MM0070182,Cle Elum Mobile,47.19745,-120.95834,Washington Department of Ecology,Temporary
MM0079990,Cashmere Mobile,47.52003,-120.47378,Washington Department of Ecology,Permanent
MM0079991,Manson Mobile,47.90000,-120.14146,Washington Department of Ecology,Permanent
MM0079992,Entiat Mobile,47.67565,-120.20941,Washington Department of Ecology,Permanent
MM0159990,Kalama-Marine Dr,46.00565,-122.84764,Washington Department of Ecology,Permanent
MM0199999,Mobile-Republic,48.64934,-118.73834,Washington Department of Ecology,Permanent
MM0230001,Pomeroy,46.47444,-117.61476,Washington Department of Ecology,Temporary
MM0259990,George Mobile,47.07613,-119.85668,Washington Department of Ecology,Permanent
MM0259991,Royal City Mobile,46.91313,-119.62687,Washington Department of Ecology,Permanent
MM0370179,Mobile-Goldendale,45.81578,-120.81367,Washington Department of Ecology,Temporary
MM0370180,Cle Elum Mobile,47.19704,-120.95683,Washington Department of Ecology,Permanent
MM0370181,Mobile Clarity08,47.19752,-120.95821,Washington Department of Ecology,Permanent
MM0390006,Mobile-White Salmon,45.73593,-121.48840,Washington Department of Ecology,Temporary
MM0390181,Mobile_White_Salmon,48.18648,-117.04903,Washington Department of Ecology,Temporary
MM0399990,White Salmon,45.72510,-121.47971,Washington Department of Ecology,Permanent
MM0470180,Brewster_Mobile,48.08879,-119.78456,Washington Department of Ecology,Temporary
MM0479990,Brewster Mobile,48.09865,-119.77963,Washington Department of Ecology,Permanent
MM0479991,Oroville Mobile,48.93829,-119.43797,Washington Department of Ecology,Permanent
MM0479993,Tonasket Mobile,48.70148,-119.43500,Washington Department of Ecology,Permanent
MM0510008,Newport-Calispel,48.18124,-117.05275,Washington Department of Ecology,Permanent
MM0510181,Newport_Mobile,47.19742,-120.95814,Washington Department of Ecology,Temporary
MM0510182,Mobile_Newport_2017,47.76863,-120.66449,Washington Department of Ecology,Temporary
MM0510199,Newport_Mobile,48.18650,-117.04911,Washington Department of Ecology,Temporary
MM0579990,Padilla Bay,48.49545,-122.48088,Washington Department of Ecology,Permanent
MM0599990,Stevenson Mobile,45.69142,-121.89294,Washington Department of Ecology,Permanent
MM0639900,Medical Lake Mobile,47.56724,-117.69640,Washington Department of Ecology,Permanent
MM0699990,Cathlamet Mobile,46.19911,-123.37602,Washington Department of Ecology,Permanent
MMAIR1005,Idaho1001,45.41203,-116.32962,AIRSIS,Temporary
MMAIR1013,MansonWAapcd1013,47.89167,-120.15361,AIRSIS,Temporary
MMAIR1039,NPT1002,46.33497,-116.53588,AIRSIS,Temporary
MMAIR1055,Idaho1010,45.41226,-116.33689,AIRSIS,Temporary
MMFS10011,MMFS10011,47.83856,-120.01577,Forest Service,Temporary
MMFS10016,MMFS10016,45.33203,-121.66491,Forest Service,Temporary
MMFS10019,Unit19,47.76293,-120.65496,Forest Service,Temporary
MMFS10066,Unit 66,45.24099,-121.13683,Forest Service,Temporary
MMFS10216,Unit0216,48.07771,-118.68598,Forest Service,Temporary
MMFS10217,Unit0217,45.55912,-117.91527,Forest Service,Temporary
MMFS10662,MMFS10662,46.08073,-118.27700,Forest Service,Temporary
MMFS11012,Unit1012,48.60741,-118.13436,Forest Service,Temporary
MMNPT1039,N/A,46.33499,-116.53582,Nez Perce Tribe,Temporary
MMOAQ1006,Unit1006,48.27780,-117.71330,EPA Office of State Air Partnerships,Temporary
MMOR11001,E-Sampler 1,45.49396,-122.64285,Oregon Dept. of Environmental Quality,Temporary
MMOR11002,E-Sampler 2,45.51522,-122.61558,Oregon Dept. of Environmental Quality,Temporary
MMTUO1006,N/A,48.18650,-117.04911,Tuolumne County APCD,Temporary
MMTUO1012,N/A,45.81578,-120.81367,Tuolumne County APCD,Temporary
MMTUO1013,N/A,46.99383,-120.54493,Tuolumne County APCD,Temporary
MMTUO1014,N/A,47.19758,-120.95825,Tuolumne County APCD,Temporary
MMTUO1015,N/A,47.19745,-120.95834,Tuolumne County APCD,Temporary
TT1010002,Nespelem,48.16749,-118.97375,Confederated Tribes of Colville Reservation,Permanent
TT1010003,Inchelium,48.29696,-118.20242,Confederated Tribes of Colville Reservation,Permanent
TT1820013,Lapwai,46.39720,-116.80620,Nez Perce Tribe,Permanent
